<?xml version="1.0" encoding="UTF-8"?>
<project-private xmlns="http://www.netbeans.org/ns/project-private/1">
    <editor-bookmarks xmlns="http://www.netbeans.org/ns/editor-bookmarks/2" lastBookmarkId="0"/>
    <open-files xmlns="http://www.netbeans.org/ns/projectui-open-files/2">
        <group>
            <file>file:/C:/Yamyl/Proyectos%20en%20Java/JavaApplication18/src/Principal/Main.java</file>
            <file>file:/C:/Yamyl/Proyectos%20en%20Java/JavaApplication18/src/Vista/GUI_Login.java</file>
            <file>file:/C:/Yamyl/Proyectos%20en%20Java/JavaApplication18/src/Vista/GUI_MenuPrincipal.java</file>
        </group>
    </open-files>
</project-private>
